也开不了花呗，就这样了？完事了	真的嘛？就是花呗付款	0
花呗冻结以后还能开通吗	我的条件可以开通花呗借款吗	0
如何得知关闭借呗	想永久关闭借呗	0
花呗扫码付钱	二维码扫描可以用花呗吗	0
花呗逾期后不能分期吗	我这个 逾期后还完了 最低还款 后 能分期吗	0
花呗分期清空	花呗分期查询	0
借呗逾期短信通知	如何购买花呗短信通知	0
借呗即将到期要还的账单还能分期吗	借呗要分期还，是吗	0
花呗为什么不能支付手机交易	花呗透支了为什么不可以继续用了	0
在吗，双***有临时花呗额度吗	花呗临时额度到时间怎么办	0
我什么时候开通了花呗	查我什么时候用过，花呗	0
花呗每月还了最低还款后还会有万分之五的利息吗	花呗每个月最低还款怎么算	0
我想用蚂蚁借呗怎么用不了	蚂蚁借呗设置了一次性还款，现在想分期还款，怎么操作	0
花呗也不能用了	花呗没用过	0
我开通不了借呗	我要申请借呗	0
就是我花呗忘记还款了。逾期一天。有事吗	花呗账单在到期当天还款是逾期吗	0
我问你我借呗怎么要还钱	怎么一次性还蚂蚁借呗	0
是否有花呗就不可以借呗	不实用花呗就没有借呗吗	0
花呗可以买手机吗	花呗逾期一天可以么	0
借呗每月还款时间	借呗多少天还款	0
人脸验证开通花呗	花呗怎么验证	0
借呗可以提前还第一期吗	蚂蚁借呗借款可以提前一次性还清吗	0
花呗付款成功为何美团显示支付超时	美团订单没显示付款成功但是花呗显示付了三遍订单	0
花呗我已经还了，现在要还借呗	我上个月已经还过的一笔，现在退回来的钱怎么还直接退回花呗	0
国外账户可以开通借呗吗	借呗逾期还能开通吗	0
但是我银行卡支付的为什么退回花呗	我这件衣服钱款为什么退回花呗	0
已经还了，借呗还能用吗	借呗逾期后还能借款吗	0
花呗怎样邀请好友	邀请好友开通借吧怎样邀请的	0
我没有这个蚂蚁借呗	我的蚂蚁借呗用不了了怎么回事？没有逾期	0
我昨天欠借呗多少钱	我的借呗欠了多少钱	0
为什么我不能开通花呗	开通花呗提示安全不通过	0
借呗提额输入密码了怎么还没提额	借呗提额还需要输入支付密码吗	0
我没给自己用花呗充话费，怎么自动充	这几天用花呗交了三次话费都没充上 怎么回事	0
花呗付款后，扣款成功为什么显示未支付	支付宝花呗扣款，商家显示未扣款	0
上个月都用花呗，这个月也还款了，怎么还不能提额？是不是每个月都要用了一定的额度，才能提额	这个钱是***月的，退款之前我已经还清花呗了，现在不知怎么才能使用，现在买东西，花呗都是在我额度***里面扣的	0
开通花呗收款后，符合什么条件的商家或买家才可以使用花呗交易	我是商家，我已经申请了开通蚂蚁花呗和信用卡收款，为什么还是不可以	0
信用度多少才能用花呗	蚂蚁花呗多少积分才可以用	0
刚消费的，扣卡里的钱，没扣花呗的钱，怎么回事	我银行里有钱，怎么证明是花呗付的款	0
如何在花呗删除账单记录	花呗为什么说删除交易记录	0
为什么我的花呗一直没调	为什么我的花呗没有分期的功能	0
花呗临时额度可以分期还吗	临时额度和实际额度可以按一个账单一起分期还款吗	0
为啥我花呗叫话费都交不了	花呗暂时不能交话费 还是以后都不可以了	0
能用花呗收款收顾客的钱吗	私企可以花呗收款吗	0
蚂蚁借呗可以延长分期	可以晚***天还蚂蚁借呗吗	0
没有借呗怎么开通借呗	有没有什么办法可以自己开通蚂蚁借呗	0
商家二维码怎么开通花呗支付宝	怎么说不支持花呗开通商户	0
她的花呗已经逾期了	我的花呗逾期了 我现在一次性还完了	0
在支付宝找不到花呗	可我在支付宝花呗里没看到进账	0
花呗账单还没出，想提前还了怎么还	提前还花呗部分	0
被封的借呗什么时候恢复	求求你把我的借呗恢复	0
帮我开通蚂蚁花呗零时额度	里可以看到我花呗的临时额度	0
花呗体验额度咋老这那	花呗体验额度最多是多少	0
借呗还款额度限制	还借呗余额限额	0
花呗最低还款和花呗分期	花呗分期支持最低还款嘛	0
花呗开通年级	开通花呗添加银行卡	0
我想开通信用卡和花呗的收款码	我的蚂蚁花呗为什么不能开通吗	0
我花呗额度能不能给我调高点	为什么我的花呗的额度不升	0
花呗之前绑定的手机号码现在没用了，怎么解绑	花呗绑定的是另一个号码，蜜码和帐号忘记了，手机号码也注消了，怎么办	0
花呗线下还款是什么	花呗主动还款操作	0
用花呗刷卡可以吗	能用花呗扫一扫付款吗	0
花呗分期卖家手续费	花呗付款如何分期	0
花呗自动余额宝还款	缴纳电费 花呗自动扣款了，然后余额宝也扣款了	0
我的 借呗 在哪儿	借呗的qq	0
我的花呗没有绑定银行卡怎么还款	我还没有绑定银行卡，我花了花呗的钱，如果要还款的话要绑定银行卡才可以是吧	0
为什么双十二没有花呗零时额度	双***花呗有木有临时额度	0
借呗有晚一天还有没有逾期呀	借呗有逾期么	0
双***零时花呗额度	我要申请花呗临时额度	0
付款方式添加花呗怎么添加	怎样退出花呗付费方式	0
使用花呗支付会有短信提醒吗	***月***日的***元花呗没有支付提醒	0
借呗能提款不	借呗可以提款装修房子吗	0
我的花呗怎么不能用这个月还没有给我额度	花呗还款之后怎么额度没有了	0
付款金额多少可以使用花呗	花呗提额***到多少	0
花呗到还款日期还不了会怎么样	花呗现在为什么还不能还款	0
为什么我的收钱码打不开花呗收钱	我今天申请了花呗收款己通过，为什么不能使用花呗收款	0
我满足开通借呗的条件吗	我想咨询，为什么不能满足借呗条件	0
怎么感觉蚂蚁花呗钱越还欠的越多	我的花呗这怎么会欠你们这么多钱，请给我解释一下	0
借呗可以一次结清吗	借呗可以一年后再还吗	0
办理花呗分期后可以提前还清账单吗？利息高吗	提前还花呗要利息	0
花呗有退运费的	花呗的运费险退回哪	0
我前天 用了花呗，今天能够还款不，怎么还款	我用了蚂蚁花呗***元钱，不知道怎么还	0
找不到花呗	我的淘宝花呗怎么找不到	0
我绑定的银行卡还不上借呗	为啥我的花呗不能绑银行卡	0
我的花呗收不了款	我是厂家，人家用花呗付款，就是付***了，付不了	0
花呗还款有利息没	花呗还钱涨利息吗	0
花呗服务怎么还款	我想还款，还花呗的钱	0
有的人不用花呗有***万的额度	花呗额度用完了	0
借呗还款余额有限额	蚂蚁借呗还款受到限额限制怎么办	0
借呗还款后是否可以恢复额度	借呗还款后额度怎么恢复不了	0
花呗不分期是不是叫没有手续费	花呗分期后全部结清有手续费吗	0
怎么邀请好友开通借呗	怎么邀请自己开通借呗	0
蚂蚁借呗分期付款能恢复额度吗	如何恢复借呗本身的额度	0
分期后花呗有多少额度	花呗可用额度	0
花呗里边的钱怎么办	退到花呗额度怎么办	0
支付宝如何用花呗预定酒店	我用花呗付酒店押金	0
信用卡和花呗支付是会	花呗和信用卡支付，也需要付款方复核	0
为什么借呗能开通花呗用不了	符合条件却不能开通花呗 借呗	0
不小心开通了花呗便利店周卡 如何取消	花呗分期 如何取消订单	0
花呗临时额度还了	临时花呗额度到期自动取消吗	0
蚂蚁花呗一天有使用次数限制吗	使用花呗付款功能每天有金额限制吗	0
余额无法还花呗。绑定不了银行卡，如果还款	我的银行卡为什么不能还款给花呗	0
怎么更改花呗手机号码	我的花呗是以前的手机号码，怎么更改成现在的支付宝的号码手机号	1
花呗的安全没有验证成功	花呗安全验证没通过怎么回事	1
借呗还款了，额度未恢复	借呗还款后额度没有恢复还显示借款	1
闲鱼可以使用花呗吗	花呗可以在闲鱼上面交易吗	1
花呗更改绑定银行卡	如何更换花呗绑定银行卡	1
花呗***期免息	蚂蚁花呗***期免息什么意思	1
开通花呗不用的话会有费用吗	开通花呗不用，会不会产生费用	1
我蚂蚁借呗放款没有到账	借呗还款为什么没有到帐	1
花呗怎么付款不鸟了	帮忙看一下我花呗怎么用不了	1
支付宝花呗分期还款怎么提前还清	蚂蚁花呗分期付款可以全部提前还款吗	1
注销了一个花呗账号，新账号是否还能再开通花呗了	把以前的帐号注销，现在这个能开通花呗吗	1
为何蚂蚁借呗不能使用了	我的借呗***年能有***年怎么不能用了	1
用了这么久的支付宝也不给开通借呗，哼	我用支付宝三四年了也不见给我开通借呗	1
蚂蚁借呗的额度为什么会下降	为什么借呗额度被降低了，没有不良记录	1
我***月份花呗消费是***元，怎么要我还***元	我原本这个月总的花呗需要还***元，我还了一次***，又还了一个***，剩余的应该是***，为何现在的是***，应还额度为何莫名的多了***	1
怎么花呗不能支付	花呗付款不了怎么回事	1
花呗支付可以使用购物津贴吗	使用购物津贴的费用可以用花呗吗	1
为什么每个人的借呗日息不一样	为什么借呗利息有的高有的底	1
怎么开通，花呗收款	怎么注册可以花呗收钱的	1
我的花呗怎么用这用这不让用了	我花呗为什么不能用了	1
蚂蚁花呗还款期数可以更改吗	我之前设置的花呗分期还款现在可以更改吗	1
花呗系统繁忙 是什么意思	点进花呗为什么是系统繁忙	1
花呗交的电费为什么没有到账	我用花呗交电费，显示缴费成功，但没有到账，怎么回事	1
我借呗能不能开通	如何开启借呗	1
花呗自动还款需要手续费ma	花呗自动还款还要收手续费吗	1
花呗退款后为什么确认收货还是原来的价钱	退款花呗后为什么金额还是不变	1
为什么我账户用不了花呗	要了我这个花呗，用不了什么情况，都差不多半年了	1
所以我今天用的花呗 就是下个月再还了	花呗是这个月花钱，下个月还款吗	1
花呗被冻结怎么恢复	花呗被封了怎么解除	1
花呗 临时额度可以分期吗	花呗的临时额度分期付款了，临时额度到期了，还可以继续分期付款吗	1
淘宝怎怎么用不了花呗购物了	淘宝买东西不能用花呗是吗	1
蚂蚁花呗可以支持交电费吗	现在交电费能用花呗吗	1
我在淘宝上买个东西，用花呗买了，但是手机上面显示签收了，但是我没有收到货物，钱划了	我这是订了什么单，货没收到钱花呗显示扣***元	1
还没还清花呗分期还可以申请花呗分期还款吗	这期花呗没还，买东西能做分期吗	1
花呗分期后没还清可以再次分期吗	花呗分期后下月还能分吗	1
我的花呗逾期了对酒	花呗逾期两个月了	1
借呗怎么才能用	借呗现在怎么才能开通	1
这笔退款显示退回花呗了，怎么还要还款	已经退款了，为什么蚂蚁花呗显示还有账单要还	1
为什么我淘宝付款用不了花呗和余额宝，只能用银行卡	淘宝支付宝支付不了，花呗也支付不了，只能用银行卡支付，这是什么情况	1
为什么我的花呗之前是***万的额度 现在变***了	花呗为什么降余额了	1
蚂蚁花呗最低还款会降低信用	花呗还了最低消费会不会造成信用下降	1
花呗支付后会有短信提醒么	花呗有消费短信提醒么	1
退货了为什么还要还花呗	花呗支付的 现在退货了 点了确认收货 为什么还要还花呗	1
借呗，不够用，如何在提额	我想提高借呗额度如何提高	1
新开通的支付宝，怎么没有花呗	我的支付里没有花呗呀	1
网商贷如何变为借呗	怎么网商贷转为蚂蚁借呗	1
借呗借钱可以借***天的么	蚂蚁借呗 可以借***天吗	1
咋今天不可以用花呗交电费了	以前一直用花呗交电费	1
花呗逾期后能分期么	花呗逾期后 还能分期吗	1
查一下我是什么时候用的花呗	什么时候用的花呗明细	1
我问的是蚂蚁借呗自动还款，怎么取消	蚂蚁借呗如何取消自动还款设置	1
蚂蚁借呗的钱的用途有要求吗	借呗借款用途受限吗	1
为什么我退款了 花呗金额没改变	为什么我的花呗退款了额度还是没变	1
借呗为什么不能还***期的	现在借呗不可以分***期还款了	1
网商贷和借呗是一样的那	借呗与网商贷一样	1
花呗关闭了	a账户花呗关闭了的	1
说蚂蚁借呗操作存在风险	开通借呗提前存在风险	1
怎么才能关闭借呗	帮我关闭借呗入口	1
蚂蚁借呗显示可借***元，不用也会要利息吗	蚂蚁借呗开通后不用用不用利息	1
花呗提前接清	怎么操作花呗提前结清	1
有开通蚂蚁花呗的商品为什么付款时提示该商品不支持花呗	花呗不能支付，花呗额度足够，商品显示支持花呗付款	1
花呗在***月***号当天换算是逾期吗	花呗十号当天还算逾期吗	1
为什么我的花呗一下子降低了那么多	花呗降低了	1
问花呗临时额度是否可以分期	用了花呗临时额度，可以分期不	1
扫码支付用花呗要密码吗	通过花呗支付需要密码么	1
花呗现在的还款链接在哪？我怎么找不到	我要花呗的还款链接	1
花呗抽奖页面在哪里	我花呗抽奖的优惠在哪里	1
我这个已经有一单，已经退款了，为什么还算在我的花呗账单里面	已经退款了，为什么我花呗里还要还钱	1
我的花呗消费了到时打不开花呗软件	花呗怎么就打不开了什么原因	1
为什么我不能借呗了	蚂蚁借呗不能用	1
花呗便利店周卡	花呗便利店周卡，是啥意思	1
怎么没帮我开通花呗	我想开开通花贝	1
花呗买商品如何查询快递信息	在花呗里买的东西怎么查快递	1
开通了口碑商家怎么不能花呗收款	为什么我的花呗不能口碑付款	1
蚂蚁借呗在哪看什么时候还款	蚂蚁借呗借三个月什么时候还	1
为什么我有花呗但是不能分期	我的蚂蚁花呗为什么不能分期呀	1
如何看花呗帐单	花呗全部账单怎么查看	1
我的蚂蚁借呗为啥不能用	借呗为什么不能用	1
花呗是否需要绑定银行卡	花呗可不可以绑定银行卡	1
花呗还清最低还款影响信用度么	花呗还最低会影响信用吗	1
借呗逾期一天影响信用么	借呗拖延一天还会不会影响信用	1
开通了花呗收钱 收钱码 不可以收款	我的花呗收款认证通过了为啥还收不成款	1
网页版 借呗在哪里	网页版借呗在哪里	1
如何提升蚂蚁借呗额度	增加借呗额度	1
借呗还款日期是什么时候	借呗还款日是每个月的几号	1
花呗提示你可登录支付宝帐号********使用花呗。怎么用	可是还是显示：您可登陆支付宝账号**********使用花呗	1
今日用花呗，什么时候还	如果今天***号使用花呗里边的钱，还款日期是什么时候	1
我的花呗出账日	花呗出账具体时间	1
用的花呗付款怎么退款	花呗付款后没有收到货怎样退款	1
为什么我花呗扣了钱，但是我淘宝显示未付款？店家也说显示没付款	怎么付款了显示没有付款，花呗的钱也扣了	1
怎么关掉收钱码的花呗收钱	怎么关闭二维码花呗收款功能	1
借呗已还清为什么负面记录还存在	借呗已还款，负面怎么还在	1
花呗刷脸怎么老说认不出本人来	我花呗核实扫脸怎么不通过	1
如我不想使用花呗，怎么办	如果我不想用花呗了能不能退掉	1
正常为什么不能用？？一切支持花呗付款的东西，超市，饿了么订餐，淘票票买电影票什么的都不可以。淘宝也不行	为什么不能使用花呗付款	1
我已经关闭另一个号的花呗了怎么在这个号开通	蚂蚁花呗关闭了。怎么开通另一个	1
我的花呗好为什么降成***	为什么我的花呗额度降低了***	1
网商贷怎么改借呗	网贷换借呗	1
为什么共享单车不能用花呗支付押金了	为什么现在蚂蚁花呗不支持交摩拜单车押金	1
怎么提高借呗数目	借呗不够用怎么提额	1